30,/events/mountain range.png
7,/events/canyon.png
17,/events/elevation.png
4,/events/border.png
5,/events/boundary.png
2,/events/beach.png
12,/events/country.png
38,/events/road.png
45,/events/town.png
43,/events/street.png
13,/events/county.png
22,/events/highway.png
9,/events/city.png
8,/events/capitals.png
6,/events/building.png
24,/events/house.png
41,/events/state.png
33,/events/peninsula.png
11,/events/continent.png
35,/events/plateau.png
25,/events/island.png
15,/events/desert.png
27,/events/land.png
34,/events/plain.png
26,/events/lake.png
49,/events/water.png
42,/events/stream.png
50,/events/waterfall.png
40,/events/sea.png
36,/events/pond.png
19,/events/glacier.png
3,/events/body of water.png
32,/events/ocean.png
37,/events/river.png
16,/events/earthquake.png
48,/events/volcano.png
51,/events/weather.png
18,/events/forest.png
23,/events/hill.png
47,/events/valley.png
14,/events/delta.png
31,/events/mountain.png
21,/events/grass.png
39,/events/rock.png
46,/events/tree.png
29,/events/map.png
44,/events/topography.png
0,/events/archipelago.png
1,/events/atlas.png
52,/events/world.png
10,/events/compass.png
20,/events/globe.png
28,/events/longitude.png
